{"cameraMode":{"drawMode":0,"name":"Shaded","section":"Shading Mode"},"sceneLighting":false,"audioPlay":false,"sceneViewState":{"showFog":false,"showMaterialUpdate":false,"showSkybox":false,"showFlares":false,"showImageEffects":false,"showParticleSystems":false},"in2DMode":false,"pivot":{"x":-13.69599437713623,"y":13.580177307128907,"z":21.15999984741211},"rotation":{"x":-0.005990022327750921,"y":-0.7765834331512451,"z":-0.007118239998817444,"w":0.6299457550048828},"size":2.8578836917877199,"orthographic":true}