{"cameraMode":{"drawMode":0,"name":"Shaded","section":"Shading Mode"},"sceneLighting":false,"audioPlay":false,"sceneViewState":{"showFog":false,"showMaterialUpdate":false,"showSkybox":false,"showFlares":false,"showImageEffects":false,"showParticleSystems":false},"in2DMode":false,"pivot":{"x":-13.69599437713623,"y":13.580177307128907,"z":22.34000015258789},"rotation":{"x":-0.03657754138112068,"y":-0.7220957279205322,"z":-0.03804686665534973,"w":0.6897770166397095},"size":2.8578836917877199,"orthographic":true}