{"cameraMode":{"drawMode":0,"name":"Shaded","section":"Shading Mode"},"sceneLighting":false,"audioPlay":false,"sceneViewState":{"showFog":false,"showMaterialUpdate":false,"showSkybox":false,"showFlares":false,"showImageEffects":false,"showParticleSystems":false},"in2DMode":false,"pivot":{"x":-13.69599437713623,"y":13.580177307128907,"z":21.1299991607666},"rotation":{"x":0.029660670086741449,"y":-0.7234524488449097,"z":0.03138766065239906,"w":0.6890222430229187},"size":4.041658401489258,"orthographic":true}