{"cameraMode":{"drawMode":0,"name":"Shaded","section":"Shading Mode"},"sceneLighting":false,"audioPlay":false,"sceneViewState":{"showFog":false,"showMaterialUpdate":false,"showSkybox":false,"showFlares":false,"showImageEffects":false,"showParticleSystems":false},"in2DMode":false,"pivot":{"x":-3.940000057220459,"y":21.270000457763673,"z":21.600000381469728},"rotation":{"x":0.027088137343525888,"y":-0.6845404505729675,"z":0.025922108441591264,"w":0.7280100584030151},"size":6.516352653503418,"orthographic":true}