{"cameraMode":{"drawMode":0,"name":"Shaded","section":"Shading Mode"},"sceneLighting":true,"audioPlay":false,"sceneViewState":{"showFog":false,"showMaterialUpdate":false,"showSkybox":false,"showFlares":false,"showImageEffects":false,"showParticleSystems":false},"in2DMode":false,"pivot":{"x":-21.918994903564454,"y":5.373828887939453,"z":7.747730255126953},"rotation":{"x":0.12403857707977295,"y":-0.5665310025215149,"z":0.08702017366886139,"w":0.8099913001060486},"size":70.56086730957031,"orthographic":false}