{"cameraMode":{"drawMode":0,"name":"Shaded","section":"Shading Mode"},"sceneLighting":false,"audioPlay":false,"sceneViewState":{"showFog":false,"showMaterialUpdate":false,"showSkybox":false,"showFlares":false,"showImageEffects":false,"showParticleSystems":false},"in2DMode":false,"pivot":{"x":-775.560546875,"y":-90.90045166015625,"z":922.1079711914063},"rotation":{"x":0.06877798587083817,"y":-0.6847653985023499,"z":0.06547743082046509,"w":0.7225501537322998},"size":13.742766380310059,"orthographic":false}