{"cameraMode":{"drawMode":0,"name":"Shaded","section":"Shading Mode"},"sceneLighting":false,"audioPlay":false,"sceneViewState":{"showFog":false,"showMaterialUpdate":false,"showSkybox":false,"showFlares":false,"showImageEffects":false,"showParticleSystems":false},"in2DMode":false,"pivot":{"x":1.2482508420944214,"y":14.066590309143067,"z":-19.073822021484376},"rotation":{"x":0.10507649928331375,"y":0.08090341836214066,"z":-0.008361315354704857,"w":0.9911325573921204},"size":12.15172004699707,"orthographic":false}