{"cameraMode":{"drawMode":0,"name":"Shaded","section":"Shading Mode"},"sceneLighting":false,"audioPlay":false,"sceneViewState":{"showFog":false,"showMaterialUpdate":false,"showSkybox":false,"showFlares":false,"showImageEffects":false,"showParticleSystems":false},"in2DMode":false,"pivot":{"x":0.008771434426307679,"y":-0.5220599174499512,"z":-0.009999960660934449},"rotation":{"x":0.0805555209517479,"y":-0.6985668540000916,"z":0.07989048212766648,"w":0.7064933180809021},"size":1.8291651010513306,"orthographic":true}