{"cameraMode":{"drawMode":0,"name":"Shaded","section":"Shading Mode"},"sceneLighting":false,"audioPlay":false,"sceneViewState":{"showFog":false,"showMaterialUpdate":false,"showSkybox":false,"showFlares":false,"showImageEffects":false,"showParticleSystems":false},"in2DMode":false,"pivot":{"x":-10.025784492492676,"y":13.895288467407227,"z":15.273910522460938},"rotation":{"x":0.2432786226272583,"y":-0.7549921870231628,"z":0.4575960636138916,"w":0.4017564654350281},"size":5.363961696624756,"orthographic":true}