{"cameraMode":{"drawMode":0,"name":"Shaded","section":"Shading Mode"},"sceneLighting":false,"audioPlay":false,"sceneViewState":{"showFog":false,"showMaterialUpdate":false,"showSkybox":false,"showFlares":false,"showImageEffects":false,"showParticleSystems":false},"in2DMode":false,"pivot":{"x":-3.319999933242798,"y":21.270000457763673,"z":-21.459999084472658},"rotation":{"x":0.0017861929954960943,"y":0.7196663022041321,"z":-0.0016089329728856683,"w":0.694316029548645},"size":8.694819450378418,"orthographic":true}