{"cameraMode":{"drawMode":0,"name":"Shaded","section":"Shading Mode"},"sceneLighting":false,"audioPlay":false,"sceneViewState":{"showFog":false,"showMaterialUpdate":false,"showSkybox":false,"showFlares":false,"showImageEffects":false,"showParticleSystems":false},"in2DMode":false,"pivot":{"x":-0.48599594831466677,"y":-0.9858651161193848,"z":-30.996288299560548},"rotation":{"x":-0.0012382433051243425,"y":-0.9979706406593323,"z":0.06145033240318298,"w":-0.016640502959489824},"size":14.973418235778809,"orthographic":true}