{"cameraMode":{"drawMode":0,"name":"Shaded","section":"Shading Mode"},"sceneLighting":false,"audioPlay":false,"sceneViewState":{"showFog":false,"showMaterialUpdate":false,"showSkybox":false,"showFlares":false,"showImageEffects":false,"showParticleSystems":false},"in2DMode":false,"pivot":{"x":-2.320953369140625,"y":12.150001525878907,"z":-12.063949584960938},"rotation":{"x":0.017591172829270364,"y":-0.692667543888092,"z":0.017200201749801637,"w":0.7208372950553894},"size":10.526432991027832,"orthographic":false}