{"cameraMode":{"drawMode":0,"name":"Shaded","section":"Shading Mode"},"sceneLighting":false,"audioPlay":false,"sceneViewState":{"showFog":false,"showMaterialUpdate":false,"showSkybox":false,"showFlares":false,"showImageEffects":false,"showParticleSystems":false},"in2DMode":false,"pivot":{"x":-0.1679999977350235,"y":50.599998474121097,"z":-0.0005636215209960938},"rotation":{"x":0.0010086308466270567,"y":-0.5953049063682556,"z":0.0011593654053285719,"w":0.8034984469413757},"size":8.261183738708496,"orthographic":true}