{"cameraMode":{"drawMode":0,"name":"Shaded","section":"Shading Mode"},"sceneLighting":false,"audioPlay":false,"sceneViewState":{"showFog":false,"showMaterialUpdate":false,"showSkybox":false,"showFlares":false,"showImageEffects":false,"showParticleSystems":false},"in2DMode":false,"pivot":{"x":-5.109999656677246,"y":7.920000076293945,"z":0.18000030517578126},"rotation":{"x":-0.03061944805085659,"y":0.706231951713562,"z":-0.03045402467250824,"w":-0.706662118434906},"size":69.0212173461914,"orthographic":true}